{
  "S": 1.5,
  "Sht": 0.180,
  "Cl": 1.80395,
  "Clht": -0.2776,
  "Cdht": 0.0117671843,
  "Cdvt": 0.014909,
  "Cd0": 0.031706366,
  "K": 0.0733106672,
  "Kht": 0.102822572,
  "SGAP": 0.06
}